{"stats":{"minecraft:custom":{"minecraft:jump":76,"minecraft:time_since_rest":2601,"minecraft:crouch_one_cm":147,"minecraft:sprint_one_cm":6369,"minecraft:play_time":2601,"minecraft:walk_on_water_one_cm":365,"minecraft:time_since_death":2601,"minecraft:walk_one_cm":2450,"minecraft:sneak_time":151,"minecraft:total_world_time":2601,"minecraft:walk_under_water_one_cm":212,"minecraft:swim_one_cm":1110,"minecraft:drop":3,"minecraft:fall_one_cm":2508,"minecraft:fly_one_cm":18388},"minecraft:dropped":{"minecraft:sunflower":1,"minecraft:wheat_seeds":2},"minecraft:mined":{"minecraft:tall_grass":3,"minecraft:sunflower":1},"minecraft:picked_up":{"minecraft:wheat_seeds":2,"minecraft:sunflower":1}},"DataVersion":3465}