{"stats":{"minecraft:mined":{"minecraft:tall_grass":4,"minecraft:grass":2,"minecraft:sunflower":2},"minecraft:picked_up":{"minecraft:wheat_seeds":2,"minecraft:sunflower":1},"minecraft:dropped":{"minecraft:sunflower":1,"minecraft:wheat_seeds":2},"minecraft:custom":{"minecraft:jump":144,"minecraft:time_since_rest":15978,"minecraft:crouch_one_cm":147,"minecraft:leave_game":2,"minecraft:play_time":15978,"minecraft:sprint_one_cm":12418,"minecraft:time_since_death":15978,"minecraft:walk_on_water_one_cm":365,"minecraft:walk_one_cm":2913,"minecraft:sneak_time":151,"minecraft:total_world_time":15978,"minecraft:walk_under_water_one_cm":212,"minecraft:swim_one_cm":1110,"minecraft:fall_one_cm":4389,"minecraft:drop":3,"minecraft:fly_one_cm":34405}},"DataVersion":3465}