{"stats":{"minecraft:custom":{"minecraft:jump":144,"minecraft:time_since_rest":15903,"minecraft:crouch_one_cm":147,"minecraft:leave_game":1,"minecraft:sprint_one_cm":12418,"minecraft:play_time":15903,"minecraft:walk_on_water_one_cm":365,"minecraft:time_since_death":15903,"minecraft:walk_one_cm":2913,"minecraft:sneak_time":151,"minecraft:total_world_time":15903,"minecraft:walk_under_water_one_cm":212,"minecraft:swim_one_cm":1110,"minecraft:drop":3,"minecraft:fall_one_cm":4389,"minecraft:fly_one_cm":34405},"minecraft:dropped":{"minecraft:sunflower":1,"minecraft:wheat_seeds":2},"minecraft:mined":{"minecraft:grass":2,"minecraft:tall_grass":4,"minecraft:sunflower":2},"minecraft:picked_up":{"minecraft:wheat_seeds":2,"minecraft:sunflower":1}},"DataVersion":3465}